step,reward,to_correct,cc_correct,bcc_correct,format_correct,email_format,n_rollouts
1,0.040480802021329365,0.027078683035714285,0.026650855654761905,0.016861979166666666,0.177734375,0.16832139756944445,512
2,0.051549310064935065,0.02569056919642857,0.050439453125,0.027734375,0.1875,0.17897727272727273,512
3,0.04343556237599206,0.019291759672619046,0.03803013392857143,0.018331473214285715,0.1953125,0.17816065228174602,512
4,0.05370396205357143,0.036839657738095236,0.03658854166666667,0.015592447916666667,0.2421875,0.21328125,512
5,0.05779974338812229,0.01945684523809524,0.059207589285714284,0.022265625,0.248046875,0.2341012665719697,512
6,0.07038969494047619,0.03245675223214286,0.061009579613095236,0.019484747023809524,0.3203125,0.30078125,512
7,0.09626327448593074,0.05445265997023809,0.08365265376984127,0.029687500000000002,0.392578125,0.3684698547979798,512
8,0.10154190536026474,0.04607049851190476,0.09333612351190476,0.03164527529761905,0.439453125,0.4128414554195804,512
9,0.11914756169394841,0.048318917410714285,0.11403459821428572,0.03117559523809524,0.51953125,0.5022406684027778,512
10,0.15633351159474207,0.09046688988095238,0.14288736979166666,0.05315755208333334,0.5859375,0.5675835503472222,512
11,0.16554589209618506,0.06234188988095238,0.18246295262896825,0.036946614583333336,0.654296875,0.6242889976776695,512
12,0.18508192274305557,0.10174386160714285,0.1732817150297619,0.051032366071428574,0.70703125,0.6923378596230159,512
13,0.1770573198502886,0.07423270089285713,0.17050316220238096,0.057412574404761905,0.748046875,0.7203874684343434,512
14,0.21675250341021826,0.11592494419642857,0.20120442708333333,0.059375000000000004,0.85546875,0.8237963479662699,512
15,0.22473681245255567,0.12315848214285714,0.2092013888888889,0.06021670386904762,0.87890625,0.8365176230590499,512
16,0.2421978105986895,0.11115838913690476,0.2505440848214286,0.07347935267857143,0.916015625,0.8873620899499806,512
17,0.24165110578440657,0.12638733878968253,0.23126627604166666,0.06908017113095238,0.92578125,0.9078516047754329,512
18,0.26741319444444445,0.13373790922619047,0.28290860615079366,0.07478608630952381,0.943359375,0.9221602182539682,512
19,0.23882062165265291,0.09274321056547619,0.24688895089285715,0.06958705357142857,0.96875,0.9514310342435343,512
20,0.24980428588338746,0.12609747023809523,0.24031808035714286,0.06667131696428572,0.978515625,0.9529030539772727,512
21,0.29085522848462303,0.16079799107142856,0.30991908482142855,0.048683965773809526,0.98828125,0.9657187810019842,512
22,0.2984387259875541,0.15632440476190476,0.3269810267857143,0.06821986607142858,0.994140625,0.9717507102272728,512
23,0.26326842591002747,0.13536551339285713,0.2604910714285714,0.07654389880952381,0.990234375,0.9551936670100732,512
24,0.2876539988331981,0.15606398809523808,0.3032040550595238,0.05212983630952381,0.9921875,0.9824884588068182,512
25,0.2749839141977814,0.1509951636904762,0.2786946614583333,0.051009114583333334,0.9921875,0.9679539535984848,512
26,0.2809755408437049,0.16935453869047618,0.26829117063492064,0.06799665178571429,1.0,0.9823518386994949,512
27,0.2753946165054564,0.15712425595238094,0.2644740513392857,0.08445870535714285,0.98828125,0.9779072110615079,512
28,0.31302315848214285,0.22498604910714284,0.29493582589285716,0.067578125,0.998046875,0.9678850446428572,512
29,0.28956124441964287,0.1750883556547619,0.289697265625,0.05709170386904762,0.984375,0.9743815104166667,512
30,0.28384083581349207,0.1340727306547619,0.3141973586309524,0.05537574404761905,0.99609375,0.9838107638888889,512
31,0.30188569568452384,0.18235212053571428,0.3051153273809524,0.07417224702380952,1.0,0.9896298363095238,512
32,0.2812854197668651,0.12142159598214286,0.3191545758928571,0.058854166666666666,0.99609375,0.9872969370039683,512
33,0.30726089719742067,0.21141183035714287,0.293421378968254,0.05859840029761905,0.998046875,0.99130859375,512
34,0.3060606166294643,0.2081077938988095,0.2870419456845238,0.08589099702380952,1.0,0.988232421875,512
35,0.37698986235119053,0.3181454613095238,0.3566778273809524,0.07783203125,0.998046875,0.9875,512
36,0.36989002046130953,0.27669503348214286,0.38511904761904764,0.0587890625,0.998046875,0.9876627604166667,512
37,0.34830608437786176,0.27146112351190477,0.34276878720238096,0.03610026041666667,1.0,0.9800818810096154,512
38,0.3504694475446429,0.30742652529761905,0.3049246651785714,0.05986328125,0.998046875,0.9928059895833333,512
39,0.3800488985840549,0.34948846726190474,0.33473307291666665,0.06546223958333333,1.0,0.9962811710858586,512
40,0.39027204241071434,0.32519996279761904,0.38803710937499997,0.0556640625,1.0,0.9882161458333333,512
41,0.341963123139881,0.2731073288690476,0.31779901413690476,0.06194661458333334,0.99609375,0.9920247395833334,512
42,0.43289109002976195,0.42121698288690473,0.39384765625,0.08069661458333334,0.99609375,0.9798177083333334,512
43,0.41854189918154766,0.3946382068452381,0.38654668898809524,0.06528552827380953,1.0,0.9907877604166667,512
44,0.40073149181547624,0.36617838541666664,0.37240048363095235,0.05723121279761905,0.998046875,0.9934895833333334,512
45,0.43907528831845244,0.4169410342261905,0.42021484375,0.049153645833333336,0.998046875,0.9879045758928572,512
46,0.44084201388888894,0.4411923363095238,0.39646112351190477,0.05889136904761905,1.0,0.9978298611111112,512
47,0.44800990513392863,0.49448939732142855,0.36469959077380953,0.04635416666666667,1.0,0.9939778645833334,512
48,0.4971093750000001,0.5416620163690476,0.43584449404761905,0.06302083333333333,1.0,0.99609375,512
49,0.45711623418898817,0.51416015625,0.3700288318452381,0.038411458333333336,1.0,0.9919898623511905,512
50,0.41377232142857145,0.39094122023809524,0.38662109375,0.0310546875,1.0,0.9928385416666666,512
51,0.44392485119047626,0.4348028273809524,0.41244419642857144,0.05319010416666667,0.998046875,0.99609375,512
52,0.4572151692708334,0.5103515625,0.3666015625,0.06725260416666666,1.0,0.9941731770833333,512
53,0.4910974702380953,0.54677734375,0.41222563244047616,0.078125,1.0,0.9936755952380952,512
54,0.5208415876116073,0.6012881324404762,0.43577473958333335,0.0662109375,0.998046875,0.9898600260416667,512
55,0.4372900390625001,0.4422526041666667,0.38860677083333334,0.05413411458333334,0.998046875,0.9926106770833333,512
56,0.5364243861607144,0.6139043898809524,0.46845703125,0.03528645833333333,1.0,0.9990234375,512
57,0.5030461774553572,0.5517764136904761,0.4453450520833333,0.045638020833333334,0.998046875,0.99462890625,512
58,0.4866471354166667,0.5533528645833333,0.3999348958333333,0.0583984375,0.99609375,0.99375,512
59,0.5095393880208334,0.53564453125,0.4765625,0.05266927083333333,0.998046875,0.98974609375,512
60,0.5315736607142858,0.6368350074404762,0.4297247023809524,0.05213448660714286,1.0,0.9947265625,512
61,0.5348767671130953,0.5787946428571429,0.49591703869047615,0.05434802827380952,1.0,0.9911458333333333,512
62,0.5493554687500001,0.6973307291666667,0.41315104166666666,0.05358072916666667,1.0,0.99609375,512
63,0.5390380859375001,0.6139322916666666,0.4674153645833333,0.06735026041666667,1.0,0.9952799479166666,512
64,0.5730096726190477,0.65126953125,0.5177129836309524,0.05856119791666667,1.0,0.9912109375,512
65,0.5069694010416668,0.5601236979166667,0.44342447916666666,0.05712890625,1.0,0.9967447916666666,512
66,0.48958496093750004,0.5302408854166667,0.4368977864583333,0.031966145833333334,0.998046875,0.9926106770833333,512
67,0.5531812686011905,0.6730143229166666,0.44715401785714287,0.05328776041666667,0.998046875,0.99765625,512
68,0.5688339378720239,0.681640625,0.47314918154761904,0.07526041666666666,0.998046875,0.9897925967261905,512
69,0.5711279296875,0.6564778645833333,0.49456380208333334,0.10983072916666667,1.0,0.9945638020833333,512
70,0.5491894531250001,0.6824544270833334,0.43222656249999997,0.03740234375,0.998046875,0.9934895833333334,512
71,0.5564632161458334,0.6655598958333333,0.4598307291666667,0.06331380208333333,1.0,0.99951171875,512
72,0.6110579427083335,0.7145182291666666,0.5515299479166667,0.0478515625,1.0,0.9970703125,512
73,0.6160091145833334,0.7294270833333333,0.5500325520833333,0.04440104166666667,1.0,0.995703125,512
74,0.6047388857886906,0.7058919270833334,0.5449404761904761,0.04560546875,1.0,0.9969075520833334,512
75,0.6159879557291668,0.7190755208333334,0.5625325520833333,0.03662109375,0.998046875,0.99560546875,512
76,0.5991757347470239,0.7073567708333334,0.5299665178571429,0.04365234375,1.0,0.9976236979166667,512
77,0.599521949404762,0.7086588541666666,0.5269624255952381,0.053125,1.0,0.99921875,512
78,0.6144026692708334,0.771875,0.500390625,0.05755208333333333,0.998046875,0.99677734375,512
79,0.6503238932291667,0.76220703125,0.6020182291666667,0.04658203125,1.0,0.99951171875,512
80,0.6311807105654763,0.7071614583333333,0.6098958333333333,0.045182291666666666,1.0,0.9967912946428571,512
81,0.544907459077381,0.6124860491071429,0.4904157366071428,0.04088541666666667,1.0,0.9931640625,512
82,0.5902213541666668,0.6827799479166666,0.53486328125,0.034407552083333334,0.998046875,0.9964192708333334,512
83,0.5571630859375001,0.6194986979166667,0.5106770833333333,0.05367838541666667,1.0,0.9944986979166667,512
84,0.5976371837797619,0.7185546875,0.5167643229166666,0.03760230654761905,0.998046875,0.9969401041666667,512
85,0.6434914434523811,0.7574869791666666,0.5855189732142857,0.0638671875,1.0,0.998046875,512
86,0.6720117187500001,0.798828125,0.6228515625,0.036393229166666666,1.0,0.9940104166666667,512
87,0.6805322265625001,0.8388671875,0.6075520833333333,0.02216796875,0.998046875,0.9969075520833334,512
88,0.6131380208333335,0.72001953125,0.5486979166666667,0.05830078125,1.0,0.9964192708333334,512
89,0.6079664248511906,0.7208658854166666,0.5406761532738095,0.03544921875,1.0,0.99609375,512
90,0.6993052455357144,0.8591145833333333,0.6200846354166667,0.07865048363095238,1.0,0.9952101934523809,512
91,0.6200748697916668,0.7325846354166666,0.5577799479166666,0.04388020833333333,0.998046875,0.9927734375,512
92,0.6713557942708335,0.7932942708333334,0.6228515625,0.05263671875,0.998046875,0.99462890625,512
93,0.6654671223958334,0.7604166666666666,0.6406901041666666,0.05472005208333333,1.0,0.9910481770833334,512
94,0.6140069289434524,0.69091796875,0.5868443080357143,0.030403645833333333,1.0,0.9972330729166666,512
95,0.6976790364583334,0.802734375,0.6799479166666667,0.048502604166666664,0.998046875,0.9970703125,512
96,0.6265020461309525,0.7017252604166667,0.6055199032738096,0.03863932291666667,1.0,0.9948009672619048,512
97,0.6533872767857144,0.7769205729166667,0.5933872767857142,0.05378069196428571,1.0,0.9977213541666666,512
98,0.7060124860491073,0.86328125,0.6360026041666667,0.06349516369047618,1.0,0.9989885602678571,512
99,0.673467029389881,0.7897135416666666,0.6321661086309524,0.048502604166666664,1.0,0.9972981770833333,512
100,0.6739420572916668,0.799609375,0.6287109375,0.026725260416666667,1.0,0.998828125,512
