train/entropy,train/tokens/completion,train/wall_clock/generate_s,train/importance_ratio,train/mismatch_kl,train/advantage/absmean,train/reward/std,train/reward,train/grad_norm,train/global_step
0.8857705593109131,501.048828125,55.73978137969971,1.0002217292785645,0.0011060346150770783,0.06354336440563202,0.10016560554504395,0.040480807423591614,0.013355830684304237,1.0
0.8951569199562073,495.0078125,46.35552620887756,0.9999186992645264,0.0011202202877029777,0.07535640895366669,0.12336108088493347,0.05154930800199509,0.01812404952943325,2.0
0.897614061832428,498.80859375,45.22011923789978,0.9998782277107239,0.0011260714381933212,0.06570301204919815,0.10460367053747177,0.04343556612730026,0.013612783513963223,3.0
0.876573383808136,496.22265625,44.063079595565796,0.9998152256011963,0.0011417083442211151,0.07644142210483551,0.11401312053203583,0.05370396375656128,0.015068018808960915,4.0
0.8729904294013977,493.5,43.79088497161865,1.0000019073486328,0.001118882093578577,0.08278018981218338,0.11660657078027725,0.05779974162578583,0.017005395144224167,5.0
0.8663735389709473,486.384765625,43.38602066040039,0.9999433755874634,0.0011151228100061417,0.09008626639842987,0.12062829732894897,0.07038969546556473,0.01767216995358467,6.0
0.8478797078132629,480.0,42.69374895095825,0.9999369382858276,0.0010806876234710217,0.10769154876470566,0.148595929145813,0.09626327455043793,0.020103273913264275,7.0
0.8236572742462158,471.306640625,41.52187395095825,0.9999232292175293,0.0011094474466517568,0.11023594439029694,0.1412622332572937,0.1015419140458107,0.021813496947288513,8.0
0.8160338401794434,462.513671875,40.40799355506897,1.000059723854065,0.00110542681068182,0.11100269854068756,0.14045189321041107,0.11914756149053574,0.02008427493274212,9.0
0.8143435716629028,454.49609375,39.786813497543335,1.000166654586792,0.0011101843556389213,0.1336694061756134,0.17668907344341278,0.15633350610733032,0.026537859812378883,10.0
0.7871489524841309,443.986328125,39.05430459976196,0.999981701374054,0.0010930487187579274,0.1246379166841507,0.16094984114170074,0.16554589569568634,0.025022059679031372,11.0
0.7677058577537537,430.953125,38.48805642127991,1.0000410079956055,0.0011141777504235506,0.12291005253791809,0.16785994172096252,0.18508192896842957,0.023817844688892365,12.0
0.7483440637588501,416.771484375,37.23747515678406,0.9999058842658997,0.001062921597622335,0.10489097982645035,0.14555710554122925,0.17705732583999634,0.02327505126595497,13.0
0.7418819069862366,396.998046875,35.73191809654236,1.0000019073486328,0.0010864216601476073,0.1137918084859848,0.16120916604995728,0.21675249934196472,0.023531246930360794,14.0
0.7270397543907166,388.41015625,35.280102252960205,0.9999192357063293,0.0010869774268940091,0.11350508779287338,0.1629420667886734,0.22473680973052979,0.024821866303682327,15.0
0.7033082246780396,379.056640625,35.45386075973511,0.9999311566352844,0.001040558679960668,0.10517013818025589,0.1538209766149521,0.24219781160354614,0.022616008296608925,16.0
0.7008863091468811,374.220703125,34.98577046394348,0.9999842047691345,0.0010908712865784764,0.10176077485084534,0.14742840826511383,0.24165111780166626,0.021537644788622856,17.0
0.6765025854110718,364.8515625,34.21413040161133,1.0000555515289307,0.0010339501313865185,0.10012687742710114,0.14534001052379608,0.2674131989479065,0.021855782717466354,18.0
0.6872186660766602,341.337890625,32.56000781059265,1.000090479850769,0.0011237688595429063,0.08255483955144882,0.12103909999132156,0.2388206124305725,0.017569735646247864,19.0
0.6768824458122253,334.470703125,30.97208070755005,0.9999174475669861,0.00109742337372154,0.08728612959384918,0.12910166382789612,0.24980428814888,0.018934274092316628,20.0
0.6715410351753235,322.17578125,30.95063543319702,0.9999256134033203,0.001070118509232998,0.10505080223083496,0.16524052619934082,0.2908552289009094,0.0248549934476614,21.0
0.6683087348937988,314.826171875,29.09298276901245,0.9998607039451599,0.0011084525613114238,0.111992746591568,0.17857912182807922,0.2984387278556824,0.024503430351614952,22.0
0.664686381816864,315.7578125,29.736208200454712,1.0000146627426147,0.0011424660915508866,0.09617640823125839,0.14461836218833923,0.2632684111595154,0.02336152084171772,23.0
0.6490086913108826,307.16796875,29.0695321559906,1.0002102851867676,0.0011824417160823941,0.10475543141365051,0.16101767122745514,0.28765398263931274,0.024770446121692657,24.0
0.6572129130363464,298.658203125,29.641963481903076,1.000177025794983,0.0012061389861628413,0.09367280453443527,0.14894181489944458,0.27498388290405273,0.021196896210312843,25.0
0.6544796228408813,291.533203125,27.727877140045166,0.999937117099762,0.0011837478959932923,0.10198140144348145,0.1702064424753189,0.2809755206108093,0.025278963148593903,26.0
0.6507768034934998,287.0390625,26.52944326400757,1.000187873840332,0.001190270995721221,0.09845761954784393,0.1595669984817505,0.27539461851119995,0.023659562692046165,27.0
0.6589615941047668,282.203125,26.52104425430298,1.0000576972961426,0.0013119260547682643,0.12097011506557465,0.1839875429868698,0.3130231499671936,0.029624633491039276,28.0
0.6367558836936951,291.21484375,27.957442045211792,1.0000725984573364,0.0011870621237903833,0.10946832597255707,0.1632116138935089,0.2895612418651581,0.025137823075056076,29.0
0.6340563297271729,279.072265625,26.207661628723145,1.0001945495605469,0.0013162667164579034,0.09601039439439774,0.15013475716114044,0.2838408350944519,0.022311847656965256,30.0
0.6461824774742126,272.8984375,24.9769766330719,1.0001786947250366,0.0013366639614105225,0.10652558505535126,0.16321907937526703,0.3018856942653656,0.026819979771971703,31.0
0.630124568939209,271.123046875,25.41547131538391,1.0000104904174805,0.001257690484635532,0.09585289657115936,0.1460174173116684,0.2812854051589966,0.02493741177022457,32.0
0.6266765594482422,260.9609375,25.355257511138916,1.0002217292785645,0.0013623120030388236,0.10949966311454773,0.16974599659442902,0.3072608709335327,0.028908126056194305,33.0
0.6345769166946411,263.515625,24.568503618240356,1.000091314315796,0.0013816357823088765,0.10980625450611115,0.1732080727815628,0.3060606122016907,0.02707000821828842,34.0
0.637554407119751,253.333984375,24.195223569869995,1.0003100633621216,0.0014162895968183875,0.13946309685707092,0.22982703149318695,0.37698987126350403,0.03764341026544571,35.0
0.6288304328918457,257.384765625,24.850879430770874,1.000022292137146,0.001518662553280592,0.12247497588396072,0.20745240151882172,0.369890034198761,0.030949393287301064,36.0
0.63051438331604,251.9765625,24.32814121246338,0.9998430609703064,0.0014937889063730836,0.13009093701839447,0.21322143077850342,0.3483060598373413,0.032173238694667816,37.0
0.635122537612915,253.66796875,23.67372727394104,0.9999900460243225,0.0015419534174725413,0.10767453163862228,0.21175320446491241,0.3504694402217865,0.028581878170371056,38.0
0.6334815621376038,251.1171875,23.099579334259033,1.0000951290130615,0.0015712870517745614,0.12229281663894653,0.21988582611083984,0.38004887104034424,0.03540441393852234,39.0
0.6458964347839355,251.353515625,23.49276304244995,0.9999582171440125,0.0016201477264985442,0.1254497617483139,0.22265687584877014,0.39027202129364014,0.03261444345116615,40.0
0.6411887407302856,247.431640625,22.583678483963013,1.0001145601272583,0.0016919401241466403,0.11668471246957779,0.21345916390419006,0.34196311235427856,0.030251888558268547,41.0
0.6138707399368286,245.802734375,22.48577308654785,0.9999070167541504,0.0017412127926945686,0.13706985116004944,0.2637185752391815,0.4328911006450653,0.04047093912959099,42.0
0.6282910108566284,244.205078125,23.107239723205566,1.0001887083053589,0.0017991670174524188,0.1124797984957695,0.23395095765590668,0.41854187846183777,0.030204961076378822,43.0
0.6179066300392151,238.8828125,22.009907960891724,1.000173568725586,0.0017641865415498614,0.12729421257972717,0.2483643740415573,0.40073147416114807,0.034586112946271896,44.0
0.6063495874404907,239.970703125,21.725180864334106,0.9998974204063416,0.0018114163540303707,0.13755132257938385,0.24079632759094238,0.4390752911567688,0.03623396158218384,45.0
0.6028623580932617,236.283203125,22.913341522216797,1.0003098249435425,0.0018988988595083356,0.1431228220462799,0.2298656702041626,0.44084200263023376,0.03981466591358185,46.0
0.612967312335968,237.736328125,21.77871608734131,0.9999383091926575,0.0019330403301864862,0.12375706434249878,0.24433855712413788,0.4480099081993103,0.033274512737989426,47.0
0.6102102994918823,231.708984375,22.998758554458618,1.0000991821289062,0.0018402767600491643,0.11241401731967926,0.2579953670501709,0.4971093237400055,0.03211933746933937,48.0
0.6015914082527161,230.626953125,21.909363746643066,1.0003172159194946,0.002053700154647231,0.12950482964515686,0.2379763275384903,0.4571162164211273,0.034447602927684784,49.0
0.6067630648612976,230.150390625,22.15893054008484,1.0001072883605957,0.0020313248969614506,0.14173513650894165,0.24355627596378326,0.4137723445892334,0.04068359360098839,50.0
0.5951533317565918,233.4453125,21.514092922210693,0.9998906850814819,0.002059953287243843,0.12292491644620895,0.2578031122684479,0.44392481446266174,0.03484070301055908,51.0
0.5993185639381409,225.193359375,21.982143878936768,0.9998390078544617,0.0020822484511882067,0.11474283039569855,0.23998790979385376,0.4572151303291321,0.0375371016561985,52.0
0.5820333361625671,225.20703125,20.680696725845337,1.000241994857788,0.0020355554297566414,0.12308651953935623,0.24497684836387634,0.49109745025634766,0.040588658303022385,53.0
0.5851738452911377,228.78125,21.450302839279175,0.9999251961708069,0.002198304980993271,0.12245772778987885,0.24612827599048615,0.5208415389060974,0.03501877561211586,54.0
0.593716025352478,223.568359375,20.460328340530396,0.9999325275421143,0.002017740625888109,0.13456502556800842,0.2629011571407318,0.4372900128364563,0.0388210192322731,55.0
0.5853744745254517,222.701171875,20.488227128982544,0.9999574422836304,0.00200013630092144,0.11534677445888519,0.23302395641803741,0.5364243984222412,0.03421571105718613,56.0
0.5772746205329895,218.5,20.382476806640625,1.0001566410064697,0.0021454873494803905,0.11685037612915039,0.26296526193618774,0.5030461549758911,0.035145536065101624,57.0
0.5839118361473083,219.115234375,20.273030996322632,0.9998763203620911,0.0019205728312954307,0.13024860620498657,0.2456636130809784,0.4866471290588379,0.04053734987974167,58.0
0.5841042995452881,226.94921875,22.441444158554077,1.0001873970031738,0.002199599053710699,0.13433898985385895,0.2882159352302551,0.5095393657684326,0.041547540575265884,59.0
0.5861104726791382,219.46484375,20.627069234848022,0.9998329281806946,0.00211210991255939,0.11004533618688583,0.2610915005207062,0.5315736532211304,0.035582005977630615,60.0
0.5690159797668457,219.388671875,20.192166805267334,0.9997829794883728,0.0021943370811641216,0.12149350345134735,0.27856430411338806,0.5348767042160034,0.03690025210380554,61.0
0.5826765894889832,221.6484375,20.706761598587036,0.9998199343681335,0.002297027502208948,0.12687337398529053,0.24252983927726746,0.5493553876876831,0.03688192740082741,62.0
0.5614347457885742,220.537109375,20.731670379638672,1.0004805326461792,0.002132893307134509,0.11232584714889526,0.26543501019477844,0.5390380620956421,0.035626716911792755,63.0
0.5605069398880005,218.490234375,20.076947450637817,1.0003256797790527,0.002254200167953968,0.13544312119483948,0.25791695713996887,0.5730096101760864,0.03984031453728676,64.0
0.5664112567901611,221.673828125,20.49299907684326,0.9999263882637024,0.0021822364069521427,0.11753275990486145,0.24555183947086334,0.5069693922996521,0.034367166459560394,65.0
0.5642246007919312,222.248046875,20.85586714744568,1.0001857280731201,0.0022145300172269344,0.11835245788097382,0.24944743514060974,0.48958495259284973,0.03695258870720863,66.0
0.5655211210250854,225.033203125,20.931807041168213,0.9998649954795837,0.002124538877978921,0.12312517315149307,0.2544471323490143,0.5531812310218811,0.040482908487319946,67.0
0.5519428253173828,213.111328125,20.118616819381714,1.0002349615097046,0.002149710664525628,0.12372945249080658,0.22847895324230194,0.5688339471817017,0.039069417864084244,68.0
0.551440954208374,219.068359375,20.26619815826416,1.0000754594802856,0.0021299058571457863,0.10750080645084381,0.2574425935745239,0.5711278915405273,0.03536570444703102,69.0
0.5424425005912781,215.330078125,19.827730894088745,1.0003350973129272,0.002043426036834717,0.09628214687108994,0.24912366271018982,0.5491894483566284,0.03342418000102043,70.0
0.543627142906189,224.2578125,21.341731548309326,1.0000900030136108,0.00210237386636436,0.09289856255054474,0.2551116347312927,0.5564632415771484,0.03209733963012695,71.0
0.555799663066864,219.802734375,21.798857927322388,1.0002683401107788,0.0021924502216279507,0.11212199181318283,0.24647235870361328,0.6110578775405884,0.03940379247069359,72.0
0.5378134250640869,228.103515625,21.26090931892395,0.9999955296516418,0.0020047014113515615,0.10171306133270264,0.21752475202083588,0.6160091161727905,0.03118356503546238,73.0
0.5332446098327637,219.64453125,22.25338125228882,0.9998576641082764,0.00220581516623497,0.1218591034412384,0.24251772463321686,0.6047388911247253,0.0376615896821022,74.0
0.5400393605232239,224.451171875,21.807750463485718,1.000052809715271,0.0021444023586809635,0.12714844942092896,0.25697776675224304,0.6159878969192505,0.04163229092955589,75.0
0.5377005934715271,218.79296875,21.515373945236206,1.0005252361297607,0.0022725844755768776,0.13377860188484192,0.2575022578239441,0.5991756916046143,0.04348636046051979,76.0
0.54318767786026,224.123046875,23.51822590827942,1.0002291202545166,0.002324599539861083,0.12027838826179504,0.2542668581008911,0.5995219349861145,0.040271881967782974,77.0
0.5427367091178894,224.091796875,21.88692283630371,0.9999821782112122,0.002242500428110361,0.09348592162132263,0.2299894243478775,0.6144026517868042,0.033156391233205795,78.0
0.5274807810783386,221.060546875,21.26075053215027,1.0000765323638916,0.0021228562109172344,0.10982055962085724,0.24308955669403076,0.6503238677978516,0.03913337364792824,79.0
0.527350127696991,222.421875,21.671295642852783,1.000454068183899,0.0024107899516820908,0.12594741582870483,0.25684845447540283,0.6311807036399841,0.041779566556215286,80.0
0.5380811095237732,220.720703125,21.96003770828247,0.9998703598976135,0.0024502493906766176,0.13327935338020325,0.2688499391078949,0.5449074506759644,0.04077659174799919,81.0
0.5285966992378235,226.490234375,21.652427911758423,0.9999805688858032,0.0026343057397753,0.1360091269016266,0.25584444403648376,0.5902212858200073,0.04384532943367958,82.0
0.5210381150245667,224.29296875,22.21176028251648,1.0001463890075684,0.00250533246435225,0.11440612375736237,0.23628181219100952,0.5571630597114563,0.04059296473860741,83.0
0.5146790742874146,222.376953125,20.701236248016357,1.0000077486038208,0.002444928977638483,0.12153744697570801,0.2323729544878006,0.5976371765136719,0.045597512274980545,84.0
0.5106064677238464,220.86328125,21.69730281829834,1.000364065170288,0.002431216649711132,0.11315260827541351,0.23251521587371826,0.6434913873672485,0.03806271031498909,85.0
0.5152931213378906,216.236328125,19.953697204589844,1.0004017353057861,0.002642860636115074,0.10695638507604599,0.21875682473182678,0.67201167345047,0.04024063050746918,86.0
0.519792914390564,219.10546875,20.875865936279297,0.9997725486755371,0.002667345106601715,0.09980814158916473,0.21198056638240814,0.6805321574211121,0.04035390540957451,87.0
0.5068804621696472,216.984375,20.482161283493042,0.9999411702156067,0.0026603471487760544,0.12036926299333572,0.2357368916273117,0.6131380200386047,0.041179634630680084,88.0
0.5226296186447144,218.6015625,21.259761810302734,0.999800980091095,0.0027973151300102472,0.11073748022317886,0.2477847784757614,0.607966423034668,0.04188704863190651,89.0
0.508485734462738,226.759765625,22.181303024291992,0.9998064041137695,0.0024960176087915897,0.0886567085981369,0.19971397519111633,0.6993051767349243,0.03381688520312309,90.0
0.5040966868400574,220.87109375,21.13543391227722,1.0000745058059692,0.002537986496463418,0.10512593388557434,0.23290623724460602,0.6200748682022095,0.03599685803055763,91.0
0.4956241846084595,220.015625,21.30300498008728,0.9999460577964783,0.0025653832126408815,0.1168835386633873,0.23361659049987793,0.6713557243347168,0.041106853634119034,92.0
0.5049148797988892,228.41796875,21.359816312789917,1.0001890659332275,0.0026482229586690664,0.10416178405284882,0.2310759276151657,0.6654670834541321,0.03637321665883064,93.0
0.4960706830024719,224.548828125,22.869561910629272,0.9999642372131348,0.002625144086778164,0.11953772604465485,0.24115030467510223,0.6140068769454956,0.04189009219408035,94.0
0.491911381483078,228.552734375,21.339792251586914,1.0001238584518433,0.002563294256106019,0.09829223155975342,0.213950976729393,0.6976789832115173,0.037886325269937515,95.0
0.48543426394462585,225.58203125,21.565657377243042,0.999533474445343,0.002558377105742693,0.12123886495828629,0.2428470402956009,0.6265020370483398,0.039757050573825836,96.0
0.48975110054016113,228.333984375,22.395241260528564,1.0000756978988647,0.0025128836277872324,0.09233357757329941,0.2235010266304016,0.6533872485160828,0.03264351189136505,97.0
0.4833725690841675,227.685546875,21.13171887397766,1.0002167224884033,0.002550781238824129,0.09863680601119995,0.2134479433298111,0.706012487411499,0.03377434238791466,98.0
0.4763982594013214,227.107421875,21.387953996658325,1.0002257823944092,0.0026309341192245483,0.09756794571876526,0.21444475650787354,0.6734670400619507,0.033793605864048004,99.0
0.4757625460624695,226.51171875,21.615036249160767,1.0004355907440186,0.002470136620104313,0.0772387683391571,0.1786855310201645,0.6739420294761658,0.027118561789393425,100.0
